{"cameraMode":{"drawMode":0,"name":"Shaded","section":"Shading Mode"},"sceneLighting":false,"audioPlay":false,"sceneViewState":{"m_AlwaysRefresh":true,"showFog":true,"showSkybox":false,"showFlares":true,"showImageEffects":true,"showParticleSystems":true,"showVisualEffectGraphs":true,"m_FxEnabled":true},"in2DMode":true,"pivot":{"x":2304.67822265625,"y":938.39013671875,"z":-1189.504150390625},"rotation":{"x":-0.0007185914437286556,"y":0.00033613794948905706,"z":-0.000045762313675368205,"w":-0.9999997019767761},"size":201.56561279296876,"orthographic":true}